"","Size","MinSize","Net","Tow","Station","FinalizedWeight","Site","MaxDepth","MinDepth","Cycle.Day","DielPattern","WaterType","SalpType","Latitude_Start","Longitude_Start","Temperature","PotentialTemperature","Salinity","Density","Transmissivity","Fluorescence","Oxygen","BiomassmgCm3","DepthZone","Cycle","condensedBiomass","ID"
"C1D4_T4_N5_02","0.2-0.5","02",5,4,50,0.123758864027539,"C1D4",100,68,"C1D4","Night","Subantarctic","Salp",-44.4928,174.109,9.4,9.4,34.59,26.73,0.35,0.09,6.2,0.377313609840057,"Epipelagic","C1",0.377313609840057,"SA1"
"C1D4_T4_N5_05","0.5-1","05",5,4,50,0.561496373779637,"C1D4",100,68,"C1D4","Night","Subantarctic","Salp",-44.4928,174.109,9.4,9.4,34.59,26.73,0.35,0.09,6.2,1.71187918835255,"Epipelagic","C1",1.71187918835255,"SA1"
"C1D4_T4_N5_1","1-2","1",5,4,50,0.558165485074627,"C1D4",100,68,"C1D4","Night","Subantarctic","Salp",-44.4928,174.109,9.4,9.4,34.59,26.73,0.35,0.09,6.2,1.70172403986167,"Epipelagic","C1",3.50241645237482,"SA1"
"C1D4_T4_N4_02","0.2-0.5","02",4,4,50,0.223986301369863,"C1D4",200,100,"C1D4","Night","Subantarctic","Salp",-44.4928,174.109,9,9,34.54,26.75,0.35,0.09,6.3,0.622184170471842,"Epipelagic","C1",0.622184170471842,"SA1"
"C1D4_T4_N4_05","0.5-1","05",4,4,50,0.402645924967658,"C1D4",200,100,"C1D4","Night","Subantarctic","Salp",-44.4928,174.109,9,9,34.54,26.75,0.35,0.09,6.3,1.11846090268794,"Epipelagic","C1",1.11846090268794,"SA1"
"C1D4_T4_N4_1","1-2","1",4,4,50,0.408160102739726,"C1D4",200,100,"C1D4","Night","Subantarctic","Salp",-44.4928,174.109,9,9,34.54,26.75,0.35,0.09,6.3,1.13377806316591,"Epipelagic","C1",6.29103080986525,"SA1"
"C1D4_T4_N8_02","0.2-0.5","02",8,4,50,0.273837194127243,"C1D4",30,0,"C1D4","Night","Subantarctic","Salp",-44.4928,174.109,10.2,10.2,34.62,26.62,0.47,0.19,7,0.758551784285992,"Epipelagic","C1",0.758551784285992,"SA1"
"C1D4_T4_N8_05","0.5-1","05",8,4,50,0.370589889549703,"C1D4",30,0,"C1D4","Night","Subantarctic","Salp",-44.4928,174.109,10.2,10.2,34.62,26.62,0.47,0.19,7,1.02656479099641,"Epipelagic","C1",1.02656479099641,"SA1"
"C1D4_T4_N8_1","1-2","1",8,4,50,0.0466651162790698,"C1D4",30,0,"C1D4","Night","Subantarctic","Salp",-44.4928,174.109,10.2,10.2,34.62,26.62,0.47,0.19,7,0.129266250080526,"Epipelagic","C1",0.507924645872356,"SA1"
"C1D4_T4_N3_02","0.2-0.5","02",3,4,50,0.142288222698073,"C1D4",300,200,"C1D4","Night","Subantarctic","Salp",-44.4928,174.109,8.6,8.5,34.47,26.78,0.34,0.09,6.2,0.15226134050088,"Mesopelagic","C1",0.15226134050088,"SA1"
"C1D4_T4_N3_05","0.5-1","05",3,4,50,0.635683860232945,"C1D4",300,200,"C1D4","Night","Subantarctic","Salp",-44.4928,174.109,8.6,8.5,34.47,26.78,0.34,0.09,6.2,0.68023955081107,"Mesopelagic","C1",0.68023955081107,"SA1"
"C1D4_T4_N3_1","1-2","1",3,4,50,0.735959860383944,"C1D4",300,200,"C1D4","Night","Subantarctic","Salp",-44.4928,174.109,8.6,8.5,34.47,26.78,0.34,0.09,6.2,0.787543991850127,"Mesopelagic","C1",6.22046929207456,"SA1"
"C1D4_T4_N7_02","0.2-0.5","02",7,4,50,0.338427794561934,"C1D4",50,30,"C1D4","Night","Subantarctic","Salp",-44.4928,174.109,10,10,34.61,26.66,0.37,0.11,6.7,1.0987915407855,"Epipelagic","C1",1.0987915407855,"SA1"
"C1D4_T4_N7_05","0.5-1","05",7,4,50,0.615324576271187,"C1D4",50,30,"C1D4","Night","Subantarctic","Salp",-44.4928,174.109,10,10,34.61,26.66,0.37,0.11,6.7,1.99780706581554,"Epipelagic","C1",1.99780706581554,"SA1"
"C1D4_T4_N7_1","1-2","1",7,4,50,0.579875065770243,"C1D4",50,30,"C1D4","Night","Subantarctic","Salp",-44.4928,174.109,10,10,34.61,26.66,0.37,0.11,6.7,1.88271125250079,"Epipelagic","C1",2.85317610254905,"SA1"
"C1D4_T4_N2_02","0.2-0.5","02",2,4,50,0.0864857142857143,"C1D4",500,300,"C1D4","Night","Subantarctic","Salp",-44.4928,174.109,8,7.9,34.41,26.82,0.33,0.09,6.1,0.135983827493261,"Mesopelagic","C1",0.135983827493261,"SA1"
"C1D4_T4_N2_05","0.5-1","05",2,4,50,0.515881412639405,"C1D4",500,300,"C1D4","Night","Subantarctic","Salp",-44.4928,174.109,8,7.9,34.41,26.82,0.33,0.09,6.1,0.811134296602838,"Mesopelagic","C1",0.811134296602838,"SA1"
"C1D4_T4_N2_1","1-2","1",2,4,50,0.331683950024027,"C1D4",500,300,"C1D4","Night","Subantarctic","Salp",-44.4928,174.109,8,7.9,34.41,26.82,0.33,0.09,6.1,0.521515644691866,"Mesopelagic","C1",2.01968064166736,"SA1"
"C1D4_T4_N6_02","0.2-0.5","02",6,4,50,0.12751746031746,"C1D4",68,50,"C1D4","Night","Subantarctic","Salp",-44.4928,174.109,9.7,9.7,34.6,26.7,0.36,0.1,6.4,0.885537918871253,"Epipelagic","C1",0.885537918871253,"SA1"
"C1D4_T4_N6_05","0.5-1","05",6,4,50,0.261757970071568,"C1D4",68,50,"C1D4","Night","Subantarctic","Salp",-44.4928,174.109,9.7,9.7,34.6,26.7,0.36,0.1,6.4,1.81776368105256,"Epipelagic","C1",1.81776368105256,"SA1"
"C1D4_T4_N6_1","1-2","1",6,4,50,0.230934909377463,"C1D4",68,50,"C1D4","Night","Subantarctic","Salp",-44.4928,174.109,9.7,9.7,34.6,26.7,0.36,0.1,6.4,1.6037146484546,"Epipelagic","C1",2.70257133473527,"SA1"
"C1D6_T5_N6_02","0.2-0.5","02",6,5,76,0.378374345549738,"C1D6",100,50,"C1D6","Day","Subantarctic","Salp",-44.56,174.1298,9.6,9.6,34.59,26.71,0.39,0.11,6.5,1.98361386919915,"Epipelagic","C1",1.98361386919915,"SA1"
"C1D6_T5_N6_05","0.5-1","05",6,5,76,0.327764763458401,"C1D6",100,50,"C1D6","Day","Subantarctic","Salp",-44.56,174.1298,9.6,9.6,34.59,26.71,0.39,0.11,6.5,1.71829495915282,"Epipelagic","C1",1.71829495915282,"SA1"
"C1D6_T5_N5_02","0.2-0.5","02",5,5,76,0.0713132075471698,"C1D6",200,100,"C1D6","Day","Subantarctic","Salp",-44.56,174.1298,9.2,9.2,34.57,26.75,0.35,0.08,6.3,0.270638358812789,"Epipelagic","C1",0.270638358812789,"SA1"
"C1D6_T5_N5_05","0.5-1","05",5,5,76,0.0467636363636364,"C1D6",200,100,"C1D6","Day","Subantarctic","Salp",-44.56,174.1298,9.2,9.2,34.57,26.75,0.35,0.08,6.3,0.177471105744351,"Epipelagic","C1",0.177471105744351,"SA1"
"C1D6_T5_N5_1","1-2","1",5,5,76,0.0319624161073826,"C1D6",200,100,"C1D6","Day","Subantarctic","Salp",-44.56,174.1298,9.2,9.2,34.57,26.75,0.35,0.08,6.3,0.121299491868624,"Epipelagic","C1",0.447061807904543,"SA1"
"C1D6_T5_N8_02","0.2-0.5","02",8,5,76,0.172475442648191,"C1D6",25,0,"C1D6","Day","Subantarctic","Salp",-44.56,174.1298,10.8,10.8,34.54,26.46,0.59,0.22,7.3,2.79312457729864,"Epipelagic","C1",2.79312457729864,"SA1"
"C1D6_T5_N8_05","0.5-1","05",8,5,76,0.126554794520548,"C1D6",25,0,"C1D6","Day","Subantarctic","Salp",-44.56,174.1298,10.8,10.8,34.54,26.46,0.59,0.22,7.3,2.04947035660806,"Epipelagic","C1",2.04947035660806,"SA1"
"C1D6_T5_N8_1","1-2","1",8,5,76,0.0350161290322581,"C1D6",25,0,"C1D6","Day","Subantarctic","Salp",-44.56,174.1298,10.8,10.8,34.54,26.46,0.59,0.22,7.3,0.567062818336163,"Epipelagic","C1",1.54450642735872,"SA1"
"C1D6_T5_N4_02","0.2-0.5","02",4,5,76,0.0612296511627907,"C1D6",300,200,"C1D6","Day","Subantarctic","Salp",-44.56,174.1298,8.7,8.7,34.49,26.78,0.35,0.08,6.2,0.123074675704102,"Mesopelagic","C1",0.123074675704102,"SA1"
"C1D6_T5_N4_05","0.5-1","05",4,5,76,0.0871153846153846,"C1D6",300,200,"C1D6","Day","Subantarctic","Salp",-44.56,174.1298,8.7,8.7,34.49,26.78,0.35,0.08,6.2,0.175106300734441,"Mesopelagic","C1",0.175106300734441,"SA1"
"C1D6_T5_N4_1","1-2","1",4,5,76,0.0225079365079365,"C1D6",300,200,"C1D6","Day","Subantarctic","Salp",-44.56,174.1298,8.7,8.7,34.49,26.78,0.35,0.08,6.2,0.0452420834330382,"Mesopelagic","C1",0.358113326667692,"SA1"
"C1D6_T5_N7_02","0.2-0.5","02",7,5,76,0.225060810810811,"C1D6",50,25,"C1D6","Day","Subantarctic","Salp",-44.56,174.1298,10,10,34.6,26.63,0.47,0.17,6.9,3.16987057480015,"Epipelagic","C1",3.16987057480015,"SA1"
"C1D6_T5_N7_05","0.5-1","05",7,5,76,0.149920631341601,"C1D6",50,25,"C1D6","Day","Subantarctic","Salp",-44.56,174.1298,10,10,34.6,26.63,0.47,0.17,6.9,2.11155818790987,"Epipelagic","C1",2.11155818790987,"SA1"
"C1D6_T5_N7_1","1-2","1",7,5,76,0.116442700156986,"C1D6",50,25,"C1D6","Day","Subantarctic","Salp",-44.56,174.1298,10,10,34.6,26.63,0.47,0.17,6.9,1.64003803038008,"Epipelagic","C1",3.13830023035233,"SA1"
"C1D6_T5_N3_02","0.2-0.5","02",3,5,76,0.17583152173913,"C1D6",500,300,"C1D6","Day","Subantarctic","Salp",-44.56,174.1298,7.9,7.9,34.4,26.82,0.34,0.08,6.1,0.286837718987162,"Mesopelagic","C1",0.286837718987162,"SA1"
"C1D6_T5_N3_05","0.5-1","05",3,5,76,0.437679519495864,"C1D6",500,300,"C1D6","Day","Subantarctic","Salp",-44.56,174.1298,7.9,7.9,34.4,26.82,0.34,0.08,6.1,0.713995953500595,"Mesopelagic","C1",0.713995953500595,"SA1"
"C1D6_T5_N3_1","1-2","1",3,5,76,0.208944226044226,"C1D6",500,300,"C1D6","Day","Subantarctic","Salp",-44.56,174.1298,7.9,7.9,34.4,26.82,0.34,0.08,6.1,0.340855181148819,"Mesopelagic","C1",0.905842752378025,"SA1"
"C1D6_T5_N2_02","0.2-0.5","02",2,5,76,0.103457868020305,"C1D6",770,500,"C1D6","Day","Subantarctic","Salp",-44.56,174.1298,7,6.9,34.32,26.89,0.34,0.08,5.6,0.123384457984859,"Mesopelagic","C1",0.123384457984859,"SA1"
"C1D6_T5_N2_05","0.5-1","05",2,5,76,1.1677119266055,"C1D6",770,500,"C1D6","Day","Subantarctic","Salp",-44.56,174.1298,7,6.9,34.32,26.89,0.34,0.08,5.6,1.39262006750806,"Mesopelagic","C1",1.39262006750806,"SA1"
"C1D6_T5_N2_1","1-2","1",2,5,76,0.642683026782833,"C1D6",770,500,"C1D6","Day","Subantarctic","Salp",-44.56,174.1298,7,6.9,34.32,26.89,0.34,0.08,5.6,0.766467533432121,"Mesopelagic","C1",2.04637491371778,"SA1"
"C2D1_T6_N7_02","0.2-0.5","02",7,6,144,0.156960473588342,"C2D1",100,50,"C2D1","Day","Subantarctic","Salp",-44.5607,178.549,9.2,9.2,34.34,26.56,0.46,0.12,6.7,0.506324108349492,"Epipelagic","C2",0.506324108349492,"SA2"
"C2D1_T6_N7_05","0.5-1","05",7,6,144,0.430623257350512,"C2D1",100,50,"C2D1","Day","Subantarctic","Salp",-44.5607,178.549,9.2,9.2,34.34,26.56,0.46,0.12,6.7,1.38910728177585,"Epipelagic","C2",1.38910728177585,"SA2"
"C2D1_T6_N7_1","1-2","1",7,6,144,0.435339592183517,"C2D1",100,50,"C2D1","Day","Subantarctic","Salp",-44.5607,178.549,9.2,9.2,34.34,26.56,0.46,0.12,6.7,1.40432126510812,"Epipelagic","C2",2.84936189230083,"SA2"
"C2D1_T6_N2_02","0.2-0.5","02",2,6,144,0.0487629441624365,"C2D1",1000,750,"C2D1","Day","Subantarctic","Salp",-44.5607,178.549,4.3,4.2,34.26,27.17,0.36,0.07,4.5,0.0910096009004042,"Mesopelagic","C2",0.0910096009004042,"SA2"
"C2D1_T6_N2_05","0.5-1","05",2,6,144,0.243529201101928,"C2D1",1000,750,"C2D1","Day","Subantarctic","Salp",-44.5607,178.549,4.3,4.2,34.26,27.17,0.36,0.07,4.5,0.454515119637791,"Mesopelagic","C2",0.454515119637791,"SA2"
"C2D1_T6_N2_1","1-2","1",2,6,144,1.17917481402763,"C2D1",1000,750,"C2D1","Day","Subantarctic","Salp",-44.5607,178.549,4.3,4.2,34.26,27.17,0.36,0.07,4.5,2.20077419564694,"Mesopelagic","C2",4.26396150107735,"SA2"
"C2D1_T6_N6_02","0.2-0.5","02",6,6,144,0.457834001743679,"C2D1",200,100,"C2D1","Day","Subantarctic","Salp",-44.5607,178.549,8.2,8.1,34.38,26.77,0.37,0.07,6.2,0.785307035580925,"Epipelagic","C2",0.785307035580925,"SA2"
"C2D1_T6_N6_05","0.5-1","05",6,6,144,0.979755711022273,"C2D1",200,100,"C2D1","Day","Subantarctic","Salp",-44.5607,178.549,8.2,8.1,34.38,26.77,0.37,0.07,6.2,1.68054152834009,"Epipelagic","C2",1.68054152834009,"SA2"
"C2D1_T6_N6_1","1-2","1",6,6,144,0.252924517593644,"C2D1",200,100,"C2D1","Day","Subantarctic","Salp",-44.5607,178.549,8.2,8.1,34.38,26.77,0.37,0.07,6.2,0.433832791755821,"Epipelagic","C2",0.714578916591306,"SA2"
"C2D1_T6_N9_02","0.2-0.5","02",9,6,144,0.0794181818181818,"C2D1",25,5,"C2D1","Day","Subantarctic","Salp",-44.5607,178.549,10.4,10.4,34.34,26.36,0.5,0.09,6.7,0.228870840974587,"Epipelagic","C2",0.228870840974587,"SA2"
"C2D1_T6_N9_05","0.5-1","05",9,6,144,0.198901184562476,"C2D1",25,5,"C2D1","Day","Subantarctic","Salp",-44.5607,178.549,10.4,10.4,34.34,26.36,0.5,0.09,6.7,0.573202260986963,"Epipelagic","C2",0.573202260986963,"SA2"
"C2D1_T6_N9_1","1-2","1",9,6,144,0.373347833065811,"C2D1",25,5,"C2D1","Day","Subantarctic","Salp",-44.5607,178.549,10.4,10.4,34.34,26.36,0.5,0.09,6.7,1.07593035465651,"Epipelagic","C2",3.78114099243151,"SA2"
"C2D1_T6_N5_02","0.2-0.5","02",5,6,144,0.122439768339768,"C2D1",300,200,"C2D1","Day","Subantarctic","Salp",-44.5607,178.549,7.7,7.7,34.39,26.84,0.36,0.07,6.1,0.574969562525327,"Mesopelagic","C2",0.574969562525327,"SA2"
"C2D1_T6_N5_05","0.5-1","05",5,6,144,0.145413953488372,"C2D1",300,200,"C2D1","Day","Subantarctic","Salp",-44.5607,178.549,7.7,7.7,34.39,26.84,0.36,0.07,6.1,0.682854911896558,"Mesopelagic","C2",0.682854911896558,"SA2"
"C2D1_T6_N5_1","1-2","1",5,6,144,0.0698965277777778,"C2D1",300,200,"C2D1","Day","Subantarctic","Salp",-44.5607,178.549,7.7,7.7,34.39,26.84,0.36,0.07,6.1,0.328229761811589,"Mesopelagic","C2",0.729821005902756,"SA2"
"C2D1_T6_N8_02","0.2-0.5","02",8,6,144,0.0442015463917526,"C2D1",50,25,"C2D1","Day","Subantarctic","Salp",-44.5607,178.549,10,10,34.35,26.44,0.48,0.11,6.7,0.213019500683145,"Epipelagic","C2",0.213019500683145,"SA2"
"C2D1_T6_N8_1","1-2","1",8,6,144,0.26673172526574,"C2D1",50,25,"C2D1","Day","Subantarctic","Salp",-44.5607,178.549,10,10,34.35,26.44,0.48,0.11,6.7,1.28545409766622,"Epipelagic","C2",3.5641373769741,"SA2"
"C2D1_T6_N4_02","0.2-0.5","02",4,6,144,0.104724657534247,"C2D1",500,300,"C2D1","Day","Subantarctic","Salp",-44.5607,178.549,6.8,6.7,34.29,26.9,0.36,0.07,5.8,0.183888775301574,"Mesopelagic","C2",0.183888775301574,"SA2"
"C2D1_T6_N4_05","0.5-1","05",4,6,144,0.282114608622855,"C2D1",500,300,"C2D1","Day","Subantarctic","Salp",-44.5607,178.549,6.8,6.7,34.29,26.9,0.36,0.07,5.8,0.495372447098955,"Mesopelagic","C2",0.495372447098955,"SA2"
"C2D1_T6_N4_1","1-2","1",4,6,144,0.665270606531882,"C2D1",500,300,"C2D1","Day","Subantarctic","Salp",-44.5607,178.549,6.8,6.7,34.29,26.9,0.36,0.07,5.8,1.16816612209286,"Mesopelagic","C2",1.888987504825,"SA2"
"C2D1_T6_N3_02","0.2-0.5","02",3,6,144,0.359695032144944,"C2D1",750,500,"C2D1","Day","Subantarctic","Salp",-44.5607,178.549,5.7,5.7,34.25,27,0.36,0.08,5.2,0.357194669458733,"Mesopelagic","C2",0.357194669458733,"SA2"
"C2D1_T6_N3_05","0.5-1","05",3,6,144,1.57095774444765,"C2D1",750,500,"C2D1","Day","Subantarctic","Salp",-44.5607,178.549,5.7,5.7,34.25,27,0.36,0.08,5.2,1.56003748207314,"Mesopelagic","C2",1.56003748207314,"SA2"
"C2D1_T6_N3_1","1-2","1",3,6,144,1.12261457158963,"C2D1",750,500,"C2D1","Day","Subantarctic","Salp",-44.5607,178.549,5.7,5.7,34.25,27,0.36,0.08,5.2,2.22962179064474,"Mesopelagic","C2",3.36068415543146,"SA2"
"C2D2_T7_N7_02","0.2-0.5","02",7,7,149,0.0686797886393659,"C2D2",100,50,"C2D2","Night","Subantarctic","Salp",-44.5835,178.6123,9,9,34.34,26.6,0.41,0.09,6.6,0.180498787488478,"Epipelagic","C2",0.180498787488478,"SA2"
"C2D2_T7_N7_05","0.5-1","05",7,7,149,0.234412880562061,"C2D2",100,50,"C2D2","Night","Subantarctic","Salp",-44.5835,178.6123,9,9,34.34,26.6,0.41,0.09,6.6,0.616065389124996,"Epipelagic","C2",0.616065389124996,"SA2"
"C2D2_T7_N7_1","1-2","1",7,7,149,0.400566465459423,"C2D2",100,50,"C2D2","Night","Subantarctic","Salp",-44.5835,178.6123,9,9,34.34,26.6,0.41,0.09,6.6,1.05273709713383,"Epipelagic","C2",3.2912551770254,"SA2"
"C2D2_T7_N2_02","0.2-0.5","02",2,7,149,0.0284865771812081,"C2D2",1000,750,"C2D2","Night","Subantarctic","Salp",-44.5835,178.6123,4.2,4.1,34.26,27.18,0.35,0.04,4.4,0.0683131347271177,"Mesopelagic","C2",0.0683131347271177,"SA2"
"C2D2_T7_N2_05","0.5-1","05",2,7,149,0.0461167664670659,"C2D2",1000,750,"C2D2","Night","Subantarctic","Salp",-44.5835,178.6123,4.2,4.1,34.26,27.18,0.35,0.04,4.4,0.110591766108072,"Mesopelagic","C2",0.110591766108072,"SA2"
"C2D2_T7_N2_1","1-2","1",2,7,149,0.163175425790754,"C2D2",1000,750,"C2D2","Night","Subantarctic","Salp",-44.5835,178.6123,4.2,4.1,34.26,27.18,0.35,0.04,4.4,0.391307975517396,"Mesopelagic","C2",0.662471045061761,"SA2"
"C2D2_T7_N6_02","0.2-0.5","02",6,7,149,0.00748095238095237,"C2D2",200,100,"C2D2","Night","Subantarctic","Salp",-44.5835,178.6123,8,8,34.37,26.78,0.36,0.06,6.3,0.0188960656250375,"Epipelagic","C2",0.0188960656250375,"SA2"
"C2D2_T7_N6_05","0.5-1","05",6,7,149,0.0157771084337349,"C2D2",200,100,"C2D2","Night","Subantarctic","Salp",-44.5835,178.6123,8,8,34.37,26.78,0.36,0.06,6.3,0.0398512463595225,"Epipelagic","C2",0.0398512463595225,"SA2"
"C2D2_T7_N6_1","1-2","1",6,7,149,0.0188335025380711,"C2D2",200,100,"C2D2","Night","Subantarctic","Salp",-44.5835,178.6123,8,8,34.37,26.78,0.36,0.06,6.3,0.0475713628140214,"Epipelagic","C2",0.402206923702802,"SA2"
"C2D2_T7_N5_02","0.2-0.5","02",5,7,149,0.00591940298507464,"C2D2",300,200,"C2D2","Night","Subantarctic","Salp",-44.5835,178.6123,7.7,7.6,34.38,26.84,0.35,0.05,6.1,0.0111476515726453,"Mesopelagic","C2",0.0111476515726453,"SA2"
"C2D2_T7_N5_1","1-2","1",5,7,149,0.00798888888888891,"C2D2",300,200,"C2D2","Night","Subantarctic","Salp",-44.5835,178.6123,7.7,7.6,34.38,26.84,0.35,0.05,6.1,0.0150449884913162,"Mesopelagic","C2",0.275217653632945,"SA2"
"C2D2_T7_N8_02","0.2-0.5","02",8,7,149,0.00717021276595745,"C2D2",50,25,"C2D2","Night","Subantarctic","Salp",-44.5835,178.6123,10.3,10.3,34.34,26.39,0.44,0.1,6.7,0.013490522607634,"Epipelagic","C2",0.013490522607634,"SA2"
"C2D2_T7_N8_05","0.5-1","05",8,7,149,0.0190506738544474,"C2D2",50,25,"C2D2","Night","Subantarctic","Salp",-44.5835,178.6123,10.3,10.3,34.34,26.39,0.44,0.1,6.7,0.0358432245615192,"Epipelagic","C2",0.0358432245615192,"SA2"
"C2D2_T7_N4_02","0.2-0.5","02",4,7,149,0.0158982142857143,"C2D2",500,300,"C2D2","Night","Subantarctic","Salp",-44.5835,178.6123,6.8,6.8,34.3,26.9,0.35,0.05,5.8,0.0221084887855852,"Mesopelagic","C2",0.0221084887855852,"SA2"
"C2D2_T7_N4_05","0.5-1","05",4,7,149,0.0159691449814126,"C2D2",500,300,"C2D2","Night","Subantarctic","Salp",-44.5835,178.6123,6.8,6.8,34.3,26.9,0.35,0.05,5.8,0.0222071269384128,"Mesopelagic","C2",0.0222071269384128,"SA2"
"C2D2_T7_N4_1","1-2","1",4,7,149,0.0250294117647059,"C2D2",500,300,"C2D2","Night","Subantarctic","Salp",-44.5835,178.6123,6.8,6.8,34.3,26.9,0.35,0.05,5.8,0.0348065801205756,"Mesopelagic","C2",0.299301446785018,"SA2"
"C2D2_T7_N3_02","0.2-0.5","02",3,7,149,0.0189417582417582,"C2D2",750,500,"C2D2","Night","Subantarctic","Salp",-44.5835,178.6123,5.6,5.6,34.24,27.01,0.35,0.04,5.1,0.0411330254978463,"Mesopelagic","C2",0.0411330254978463,"SA2"
"C2D2_T7_N3_05","0.5-1","05",3,7,149,0.0401549295774648,"C2D2",750,500,"C2D2","Night","Subantarctic","Salp",-44.5835,178.6123,5.6,5.6,34.24,27.01,0.35,0.04,5.1,0.0871985441421602,"Mesopelagic","C2",0.0871985441421602,"SA2"
"C2D2_T7_N3_1","1-2","1",3,7,149,0.0483147679324895,"C2D2",750,500,"C2D2","Night","Subantarctic","Salp",-44.5835,178.6123,5.6,5.6,34.24,27.01,0.35,0.04,5.1,0.104918062828424,"Mesopelagic","C2",0.369780710181473,"SA2"
"C3D1_T8_N6_02","0.2-0.5","02",6,8,195,0.133174482758621,"C3D1",100,50,"C3D1","Day","Subtropical","Non-Salp",-42.6565,177.9952,12.8,12.8,35.01,26.45,0.36,0.09,5.9,0.62729384248055,"Epipelagic","C3",0.62729384248055,"ST3"
"C3D1_T9_N6_02","0.2-0.5","02",6,9,204,0.136198516320475,"C3D1",100,50,"C3D1","Night","Subtropical","Non-Salp",-42.7182,178.0637,12.4,12.4,34.92,26.45,0.34,0.07,6,0.918708373156659,"Epipelagic","C3",0.918708373156659,"ST3"
"C3D1_T8_N6_05","0.5-1","05",6,8,195,0.161712420670898,"C3D1",100,50,"C3D1","Day","Subtropical","Non-Salp",-42.6565,177.9952,12.8,12.8,35.01,26.45,0.36,0.09,5.9,0.761716536367864,"Epipelagic","C3",0.761716536367864,"ST3"
"C3D1_T8_N6_1","1-2","1",6,8,195,0.0619142857142857,"C3D1",100,50,"C3D1","Day","Subtropical","Non-Salp",-42.6565,177.9952,12.8,12.8,35.01,26.45,0.36,0.09,5.9,0.291635825314582,"Epipelagic","C3",0.648566379526018,"ST3"
"C3D1_T9_N6_1","1-2","1",6,9,204,0.18950537428023,"C3D1",100,50,"C3D1","Night","Subtropical","Non-Salp",-42.7182,178.0637,12.4,12.4,34.92,26.45,0.34,0.07,6,1.27828245720223,"Epipelagic","C3",4.36624594925194,"ST3"
"C3D1_T8_N2_02","0.2-0.5","02",2,8,195,0.0741905511811024,"C3D1",1000,500,"C3D1","Day","Subtropical","Non-Salp",-42.6565,177.9952,6.9,6.8,34.4,26.97,0.3,0.07,4.5,0.0658593441465622,"Mesopelagic","C3",0.0658593441465622,"ST3"
"C3D1_T8_N2_05","0.5-1","05",2,8,195,0.57731469816273,"C3D1",1000,500,"C3D1","Day","Subtropical","Non-Salp",-42.6565,177.9952,6.9,6.8,34.4,26.97,0.3,0.07,4.5,0.512485306846631,"Mesopelagic","C3",0.512485306846631,"ST3"
"C3D1_T8_N2_1","1-2","1",2,8,195,1.00403286143286,"C3D1",1000,500,"C3D1","Day","Subtropical","Non-Salp",-42.6565,177.9952,6.9,6.8,34.4,26.97,0.3,0.07,4.5,0.891285274241333,"Mesopelagic","C3",1.58284153328131,"ST3"
"C3D1_T8_N5_02","0.2-0.5","02",5,8,195,-0.475443762781186,"C3D1",200,100,"C3D1","Day","Subtropical","Non-Salp",-42.6565,177.9952,11.6,11.6,34.82,26.53,0.33,0.07,5.8,-2.23580419835968,"Epipelagic","C3",-2.23580419835968,"ST3"
"C3D1_T9_N5_02","0.2-0.5","02",5,9,204,0.152573376159886,"C3D1",200,100,"C3D1","Night","Subtropical","Non-Salp",-42.7182,178.0637,11.3,11.3,34.77,26.55,0.3,0.05,5.9,0.703103115944174,"Epipelagic","C3",0.703103115944174,"ST3"
"C3D1_T8_N5_05","0.5-1","05",5,8,195,0.148559722222222,"C3D1",200,100,"C3D1","Day","Subtropical","Non-Salp",-42.6565,177.9952,11.6,11.6,34.82,26.53,0.33,0.07,5.8,0.698611437677979,"Epipelagic","C3",0.698611437677979,"ST3"
"C3D1_T9_N5_05","0.5-1","05",5,9,204,0.30366973026973,"C3D1",200,100,"C3D1","Night","Subtropical","Non-Salp",-42.7182,178.0637,11.3,11.3,34.77,26.55,0.3,0.05,5.9,1.39939967866235,"Epipelagic","C3",1.39939967866235,"ST3"
"C3D1_T8_N5_1","1-2","1",5,8,195,0.0920422442244224,"C3D1",200,100,"C3D1","Day","Subtropical","Non-Salp",-42.6565,177.9952,11.6,11.6,34.82,26.53,0.33,0.07,5.8,0.432834442626017,"Epipelagic","C3",0.780673948637946,"ST3"
"C3D1_T9_N5_1","1-2","1",5,9,204,0.251923766677009,"C3D1",200,100,"C3D1","Night","Subtropical","Non-Salp",-42.7182,178.0637,11.3,11.3,34.77,26.55,0.3,0.05,5.9,1.16093901694474,"Epipelagic","C3",2.69107439493204,"ST3"
"C3D1_T8_N8_02","0.2-0.5","02",8,8,195,0.156148501362398,"C3D1",25,0,"C3D1","Day","Subtropical","Non-Salp",-42.6565,177.9952,13.6,13.6,34.99,26.27,0.71,0.17,6.4,0.634234367840771,"Epipelagic","C3",0.634234367840771,"ST3"
"C3D1_T9_N8_02","0.2-0.5","02",8,9,204,0.0613686534216336,"C3D1",25,0,"C3D1","Night","Subtropical","Non-Salp",-42.7182,178.0637,13.6,13.6,34.99,26.27,0.76,0.19,6.5,1.12088864697048,"Epipelagic","C3",1.12088864697048,"ST3"
"C3D1_T8_N8_05","0.5-1","05",8,8,195,0.277202968460111,"C3D1",25,0,"C3D1","Day","Subtropical","Non-Salp",-42.6565,177.9952,13.6,13.6,34.99,26.27,0.71,0.17,6.4,1.1259259482539,"Epipelagic","C3",1.1259259482539,"ST3"
"C3D1_T9_N8_05","0.5-1","05",8,9,204,1.63833876428811,"C3D1",25,0,"C3D1","Night","Subtropical","Non-Salp",-42.7182,178.0637,13.6,13.6,34.99,26.27,0.76,0.19,6.5,29.9239956947601,"Epipelagic","C3",29.9239956947601,"ST3"
"C3D1_T8_N8_1","1-2","1",8,8,195,0.118671279373368,"C3D1",25,0,"C3D1","Day","Subtropical","Non-Salp",-42.6565,177.9952,13.6,13.6,34.99,26.27,0.71,0.17,6.4,0.482011695261447,"Epipelagic","C3",2.25758903269771,"ST3"
"C3D1_T8_N4_02","0.2-0.5","02",4,8,195,0.228192382495948,"C3D1",300,200,"C3D1","Day","Subtropical","Non-Salp",-42.6565,177.9952,10.2,10.2,34.65,26.65,0.32,0.07,5.5,0.95547946193216,"Mesopelagic","C3",0.95547946193216,"ST3"
"C3D1_T9_N4_02","0.2-0.5","02",4,9,204,0.0933915254237288,"C3D1",300,200,"C3D1","Night","Subtropical","Non-Salp",-42.7182,178.0637,10.3,10.3,34.67,26.64,0.28,0.04,5.5,0.291211491810816,"Mesopelagic","C3",0.291211491810816,"ST3"
"C3D1_T8_N4_05","0.5-1","05",4,8,195,1.9399767905709,"C3D1",300,200,"C3D1","Day","Subtropical","Non-Salp",-42.6565,177.9952,10.2,10.2,34.65,26.65,0.32,0.07,5.5,8.12300550851418,"Mesopelagic","C3",8.12300550851418,"ST3"
"C3D1_T9_N4_05","0.5-1","05",4,9,204,0.86461962224554,"C3D1",300,200,"C3D1","Night","Subtropical","Non-Salp",-42.7182,178.0637,10.3,10.3,34.67,26.64,0.28,0.04,5.5,2.69603873478497,"Mesopelagic","C3",2.69603873478497,"ST3"
"C3D1_T8_N4_1","1-2","1",4,8,195,0.375127467569092,"C3D1",300,200,"C3D1","Day","Subtropical","Non-Salp",-42.6565,177.9952,10.2,10.2,34.65,26.65,0.32,0.07,5.5,1.57072110360763,"Mesopelagic","C3",2.25879500905578,"ST3"
"C3D1_T9_N4_1","1-2","1",4,9,204,0.277341492146597,"C3D1",300,200,"C3D1","Night","Subtropical","Non-Salp",-42.7182,178.0637,10.3,10.3,34.67,26.64,0.28,0.04,5.5,0.864800412056741,"Mesopelagic","C3",2.76502226563106,"ST3"
"C3D1_T8_N7_02","0.2-0.5","02",7,8,195,0.118392429022082,"C3D1",50,25,"C3D1","Day","Subtropical","Non-Salp",-42.6565,177.9952,13.4,13.4,35,26.31,0.64,0.17,6.3,0.993225075688607,"Epipelagic","C3",0.993225075688607,"ST3"
"C3D1_T9_N7_02","0.2-0.5","02",7,9,204,0.126269576490925,"C3D1",50,25,"C3D1","Night","Subtropical","Non-Salp",-42.7182,178.0637,12.9,12.9,34.95,26.38,0.49,0.12,6.3,1.80546311336443,"Epipelagic","C3",1.80546311336443,"ST3"
"C3D1_T8_N7_05","0.5-1","05",7,8,195,0.0824322580645161,"C3D1",50,25,"C3D1","Day","Subtropical","Non-Salp",-42.6565,177.9952,13.4,13.4,35,26.31,0.64,0.17,6.3,0.691545789131847,"Epipelagic","C3",0.691545789131847,"ST3"
"C3D1_T9_N7_05","0.5-1","05",7,9,204,0.849275486381323,"C3D1",50,25,"C3D1","Night","Subtropical","Non-Salp",-42.7182,178.0637,12.9,12.9,34.95,26.38,0.49,0.12,6.3,12.1433492243978,"Epipelagic","C3",12.1433492243978,"ST3"
"C3D1_T8_N3_02","0.2-0.5","02",3,8,195,0.0850837837837838,"C3D1",500,300,"C3D1","Day","Subtropical","Non-Salp",-42.6565,177.9952,9.1,9.1,34.56,26.76,0.32,0.07,5.1,0.243305072301355,"Mesopelagic","C3",0.243305072301355,"ST3"
"C3D1_T9_N3_02","0.2-0.5","02",3,9,204,0.108563414634146,"C3D1",500,300,"C3D1","Night","Subtropical","Non-Salp",-42.7182,178.0637,9,9,34.55,26.78,0.29,0.04,5.1,0.286636078241971,"Mesopelagic","C3",0.286636078241971,"ST3"
"C3D1_T8_N3_05","0.5-1","05",3,8,195,1.3518623419827,"C3D1",500,300,"C3D1","Day","Subtropical","Non-Salp",-42.6565,177.9952,9.1,9.1,34.56,26.76,0.32,0.07,5.1,3.86577735768573,"Mesopelagic","C3",3.86577735768573,"ST3"
"C3D1_T8_N3_1","1-2","1",3,8,195,1.06801816670131,"C3D1",500,300,"C3D1","Day","Subtropical","Non-Salp",-42.6565,177.9952,9.1,9.1,34.56,26.76,0.32,0.07,5.1,3.05409827481072,"Mesopelagic","C3",4.78359563216926,"ST3"
"C3D1_T9_N3_1","1-2","1",3,9,204,0.82862119205298,"C3D1",500,300,"C3D1","Night","Subtropical","Non-Salp",-42.7182,178.0637,9,9,34.55,26.78,0.29,0.04,5.1,2.18777872489236,"Mesopelagic","C3",3.26242287978799,"ST3"
"C3D1_T9_N2_02","0.2-0.5","02",2,9,204,0.151049413886384,"C3D1",850,500,"C3D1","Night","Subtropical","Non-Salp",-42.7182,178.0637,7.5,7.4,34.44,26.91,0.26,0.04,4.7,0.176997203991545,"Mesopelagic","C3",0.176997203991545,"ST3"
"C3D1_T9_N2_05","0.5-1","05",2,9,204,1.57267415730337,"C3D1",850,500,"C3D1","Night","Subtropical","Non-Salp",-42.7182,178.0637,7.5,7.4,34.44,26.91,0.26,0.04,4.7,1.84283355671827,"Mesopelagic","C3",1.84283355671827,"ST3"
"C3D1_T9_N2_1","1-2","1",2,9,204,3.89204557491828,"C3D1",850,500,"C3D1","Night","Subtropical","Non-Salp",-42.7182,178.0637,7.5,7.4,34.44,26.91,0.26,0.04,4.7,4.56063460852857,"Mesopelagic","C3",5.73349668750307,"ST3"
"C4D1_T11_N6_02","0.2-0.5","02",6,11,282,0.0231785340314136,"C4D1",100,50,"C4D1","Night","Subtropical","Salp",-43.4592,179.8628,12.6,12.6,35,26.48,0.28,0.04,5.9,0.0907183328039672,"Epipelagic","C4",0.0907183328039672,"ST4"
"C4D1_T11_N6_05","0.5-1","05",6,11,282,0.0826446685878963,"C4D1",100,50,"C4D1","Night","Subtropical","Salp",-43.4592,179.8628,12.6,12.6,35,26.48,0.28,0.04,5.9,0.323462499365543,"Epipelagic","C4",0.323462499365543,"ST4"
"C4D1_T11_N5_02","0.2-0.5","02",5,11,282,0.0284420803782506,"C4D1",150,100,"C4D1","Night","Subtropical","Salp",-43.4592,179.8628,11.8,11.8,34.88,26.54,0.27,0.04,5.5,0.119254005778828,"Epipelagic","C4",0.119254005778828,"ST4"
"C4D1_T11_N5_05","0.5-1","05",5,11,282,0.0685651162790697,"C4D1",150,100,"C4D1","Night","Subtropical","Salp",-43.4592,179.8628,11.8,11.8,34.88,26.54,0.27,0.04,5.5,0.287484764272829,"Epipelagic","C4",0.287484764272829,"ST4"
"C4D1_T11_N5_1","1-2","1",5,11,282,0.0969029304029304,"C4D1",150,100,"C4D1","Night","Subtropical","Salp",-43.4592,179.8628,11.8,11.8,34.88,26.54,0.27,0.04,5.5,0.40630159498084,"Epipelagic","C4",2.77975883337023,"ST4"
"C4D1_T11_N4_02","0.2-0.5","02",4,11,282,0.0462720588235294,"C4D1",200,150,"C4D1","Night","Subtropical","Salp",-43.4592,179.8628,10.6,10.6,34.7,26.62,0.27,0.04,5.5,0.224349376114082,"Epipelagic","C4",0.224349376114082,"ST4"
"C4D1_T11_N4_05","0.5-1","05",4,11,282,0.0717798143851508,"C4D1",200,150,"C4D1","Night","Subtropical","Salp",-43.4592,179.8628,10.6,10.6,34.7,26.62,0.27,0.04,5.5,0.348023342473459,"Epipelagic","C4",0.348023342473459,"ST4"
"C4D1_T11_N4_1","1-2","1",4,11,282,0.239393202336697,"C4D1",200,150,"C4D1","Night","Subtropical","Salp",-43.4592,179.8628,10.6,10.6,34.7,26.62,0.27,0.04,5.5,1.16069431435974,"Epipelagic","C4",3.29160540839099,"ST4"
"C4D1_T11_N8_02","0.2-0.5","02",8,11,282,0.037921897810219,"C4D1",25,0,"C4D1","Night","Subtropical","Salp",-43.4592,179.8628,13.6,13.6,35,26.27,0.78,0.19,6.6,0.866786235662148,"Epipelagic","C4",0.866786235662148,"ST4"
"C4D1_T11_N8_05","0.5-1","05",8,11,282,0.26190593569662,"C4D1",25,0,"C4D1","Night","Subtropical","Salp",-43.4592,179.8628,13.6,13.6,35,26.27,0.78,0.19,6.6,5.98642138735131,"Epipelagic","C4",5.98642138735131,"ST4"
"C4D1_T11_N8_1","1-2","1",8,11,282,0.435575632911392,"C4D1",25,0,"C4D1","Night","Subtropical","Salp",-43.4592,179.8628,13.6,13.6,35,26.27,0.78,0.19,6.6,9.95601446654611,"Epipelagic","C4",37.5630816105638,"ST4"
"C4D1_T11_N3_02","0.2-0.5","02",3,11,282,0.037,"C4D1",300,200,"C4D1","Night","Subtropical","Salp",-43.4592,179.8628,9.4,9.3,34.55,26.71,0.26,0.04,5.6,0.209335219236209,"Mesopelagic","C4",0.209335219236209,"ST4"
"C4D1_T11_N3_05","0.5-1","05",3,11,282,0.123854367469879,"C4D1",300,200,"C4D1","Night","Subtropical","Salp",-43.4592,179.8628,9.4,9.3,34.55,26.71,0.26,0.04,5.6,0.70073192345052,"Mesopelagic","C4",0.70073192345052,"ST4"
"C4D1_T11_N3_1","1-2","1",3,11,282,0.139993322859387,"C4D1",300,200,"C4D1","Night","Subtropical","Salp",-43.4592,179.8628,9.4,9.3,34.55,26.71,0.26,0.04,5.6,0.792041430604737,"Mesopelagic","C4",5.02090127324839,"ST4"
"C4D1_T11_N2_02","0.2-0.5","02",2,11,282,0.0930436724565757,"C4D1",380,300,"C4D1","Night","Subtropical","Salp",-43.4592,179.8628,8.4,8.4,34.46,26.8,0.31,0.04,5.5,0.363807125929915,"Mesopelagic","C4",0.363807125929915,"ST4"
"C4D1_T11_N2_05","0.5-1","05",2,11,282,1.07473880771479,"C4D1",380,300,"C4D1","Night","Subtropical","Salp",-43.4592,179.8628,8.4,8.4,34.46,26.8,0.31,0.04,5.5,4.20230227845469,"Mesopelagic","C4",4.20230227845469,"ST4"
"C4D1_T11_N2_1","1-2","1",2,11,282,1.20864354704413,"C4D1",380,300,"C4D1","Night","Subtropical","Salp",-43.4592,179.8628,8.4,8.4,34.46,26.8,0.31,0.04,5.5,4.72587897182455,"Mesopelagic","C4",11.8646460248843,"ST4"
"C4D1_T11_N7_02","0.2-0.5","02",7,11,282,0.044981861575179,"C4D1",50,25,"C4D1","Night","Subtropical","Salp",-43.4592,179.8628,13,13,35.02,26.41,0.34,0.07,6.1,0.197722468462325,"Epipelagic","C4",0.197722468462325,"ST4"
"C4D1_T11_N7_05","0.5-1","05",7,11,282,0.401537681627381,"C4D1",50,25,"C4D1","Night","Subtropical","Salp",-43.4592,179.8628,13,13,35.02,26.41,0.34,0.07,6.1,1.76500079836212,"Epipelagic","C4",1.76500079836212,"ST4"
"C4D2_T12_N6_02","0.2-0.5","02",6,12,286,0.168567123287671,"C4D2",100,50,"C4D2","Day","Subtropical","Salp",-43.5055,-179.95,12.6,12.6,35,26.48,0.28,0.04,5.9,0.528423583973891,"Epipelagic","C4",0.528423583973891,"ST4"
"C4D2_T12_N6_05","0.5-1","05",6,12,286,0.173557142857143,"C4D2",100,50,"C4D2","Day","Subtropical","Salp",-43.5055,-179.95,12.6,12.6,35,26.48,0.28,0.04,5.9,0.544066278549037,"Epipelagic","C4",0.544066278549037,"ST4"
"C4D2_T12_N6_1","1-2","1",6,12,286,0.261053364269141,"C4D2",100,50,"C4D2","Day","Subtropical","Salp",-43.5055,-179.95,12.6,12.6,35,26.48,0.28,0.04,5.9,0.81834910429198,"Epipelagic","C4",2.5090678403608,"ST4"
"C4D2_T12_N5_02","0.2-0.5","02",5,12,286,0.207869377990431,"C4D2",150,100,"C4D2","Day","Subtropical","Salp",-43.5055,-179.95,11.8,11.8,34.88,26.54,0.27,0.04,5.5,0.395188931540743,"Epipelagic","C4",0.395188931540743,"ST4"
"C4D2_T12_N5_05","0.5-1","05",5,12,286,0.134602696871629,"C4D2",150,100,"C4D2","Day","Subtropical","Salp",-43.5055,-179.95,11.8,11.8,34.88,26.54,0.27,0.04,5.5,0.255898663254047,"Epipelagic","C4",0.255898663254047,"ST4"
"C4D2_T12_N5_1","1-2","1",5,12,286,0.141230394431555,"C4D2",150,100,"C4D2","Day","Subtropical","Salp",-43.5055,-179.95,11.8,11.8,34.88,26.54,0.27,0.04,5.5,0.268498848729191,"Epipelagic","C4",1.07755189381044,"ST4"
"C4D2_T12_N4_02","0.2-0.5","02",4,12,286,0.139052549697493,"C4D2",200,150,"C4D2","Day","Subtropical","Salp",-43.5055,-179.95,10.6,10.6,34.7,26.62,0.27,0.04,5.5,0.650614339443179,"Epipelagic","C4",0.650614339443179,"ST4"
"C4D2_T12_N4_05","0.5-1","05",4,12,286,0.1582,"C4D2",200,150,"C4D2","Day","Subtropical","Salp",-43.5055,-179.95,10.6,10.6,34.7,26.62,0.27,0.04,5.5,0.74020353257691,"Epipelagic","C4",0.74020353257691,"ST4"
"C4D2_T12_N4_1","1-2","1",4,12,286,0.11464116575592,"C4D2",200,150,"C4D2","Day","Subtropical","Salp",-43.5055,-179.95,10.6,10.6,34.7,26.62,0.27,0.04,5.5,0.536395675545303,"Epipelagic","C4",4.70555518076385,"ST4"
"C4D2_T12_N8_02","0.2-0.5","02",8,12,286,0.131604838709677,"C4D2",25,0,"C4D2","Day","Subtropical","Salp",-43.5055,-179.95,13.6,13.6,35,26.27,0.78,0.19,6.6,0.802468528717545,"Epipelagic","C4",0.802468528717545,"ST4"
"C4D2_T12_N8_05","0.5-1","05",8,12,286,0.568290399137001,"C4D2",25,0,"C4D2","Day","Subtropical","Salp",-43.5055,-179.95,13.6,13.6,35,26.27,0.78,0.19,6.6,3.46518536059147,"Epipelagic","C4",3.46518536059147,"ST4"
"C4D2_T12_N8_1","1-2","1",8,12,286,0.365644715051145,"C4D2",25,0,"C4D2","Day","Subtropical","Salp",-43.5055,-179.95,13.6,13.6,35,26.27,0.78,0.19,6.6,2.22954094543381,"Epipelagic","C4",3.50432887350936,"ST4"
"C4D2_T12_N3_02","0.2-0.5","02",3,12,286,0.0492848605577689,"C4D2",300,200,"C4D2","Day","Subtropical","Salp",-43.5055,-179.95,9.4,9.3,34.55,26.71,0.26,0.04,5.6,0.439014457701983,"Mesopelagic","C4",0.439014457701983,"ST4"
"C4D2_T12_N3_05","0.5-1","05",3,12,286,0.0842274061990212,"C4D2",300,200,"C4D2","Day","Subtropical","Salp",-43.5055,-179.95,9.4,9.3,34.55,26.71,0.26,0.04,5.6,0.750271962578967,"Mesopelagic","C4",0.750271962578967,"ST4"
"C4D2_T12_N3_1","1-2","1",3,12,286,0.0468426035502958,"C4D2",300,200,"C4D2","Day","Subtropical","Salp",-43.5055,-179.95,9.4,9.3,34.55,26.71,0.26,0.04,5.6,0.417259579559478,"Mesopelagic","C4",3.70613213095366,"ST4"
"C4D2_T12_N2_02","0.2-0.5","02",2,12,286,0.118811714770798,"C4D2",350,300,"C4D2","Day","Subtropical","Salp",-43.5055,-179.95,8.4,8.4,34.46,26.8,0.31,0.04,5.5,0.619214148642595,"Mesopelagic","C4",0.619214148642595,"ST4"
"C4D2_T12_N2_05","0.5-1","05",2,12,286,0.608798655010087,"C4D2",350,300,"C4D2","Day","Subtropical","Salp",-43.5055,-179.95,8.4,8.4,34.46,26.8,0.31,0.04,5.5,3.17289201308189,"Mesopelagic","C4",3.17289201308189,"ST4"
"C4D2_T12_N2_1","1-2","1",2,12,286,0.399341253470845,"C4D2",350,300,"C4D2","Day","Subtropical","Salp",-43.5055,-179.95,8.4,8.4,34.46,26.8,0.31,0.04,5.5,2.08125734707932,"Mesopelagic","C4",7.3666972134563,"ST4"
"C4D2_T12_N7_02","0.2-0.5","02",7,12,286,0.145831610337972,"C4D2",50,25,"C4D2","Day","Subtropical","Salp",-43.5055,-179.95,13,13,35.02,26.41,0.34,0.07,6.1,0.933322306163022,"Epipelagic","C4",0.933322306163022,"ST4"
"C4D2_T12_N7_1","1-2","1",7,12,286,0.201922468659595,"C4D2",50,25,"C4D2","Day","Subtropical","Salp",-43.5055,-179.95,13,13,35.02,26.41,0.34,0.07,6.1,1.29230379942141,"Epipelagic","C4",2.07096659984053,"ST4"
"C5D1_T13_N6_02","0.2-0.5","02",6,13,323,0.0956962962962963,"C5D1",100,50,"C5D1","Night","Subantarctic","Non-Salp",-45.6668,179.6033,9.4,9.4,34.33,26.53,0.26,0.07,6.7,0.29399783808386,"Epipelagic","C5",0.29399783808386,"SA5"
"C5D1_T13_N6_05","0.5-1","05",6,13,323,0.329396867104598,"C5D1",100,50,"C5D1","Night","Subantarctic","Non-Salp",-45.6668,179.6033,9.4,9.4,34.33,26.53,0.26,0.07,6.7,1.01197194194961,"Epipelagic","C5",1.01197194194961,"SA5"
"C5D1_T13_N6_1","1-2","1",6,13,323,1.28505,"C5D1",100,50,"C5D1","Night","Subantarctic","Non-Salp",-45.6668,179.6033,9.4,9.4,34.33,26.53,0.26,0.07,6.7,3.94792626728111,"Epipelagic","C5",8.04263987489794,"SA5"
"C5D1_T13_N2_02","0.2-0.5","02",2,13,323,0.178419191919192,"C5D1",1000,500,"C5D1","Night","Subantarctic","Non-Salp",-45.6668,179.6033,4.9,4.8,34.25,27.1,0.2,0.04,4.8,0.281307358169794,"Mesopelagic","C5",0.281307358169794,"SA5"
"C5D1_T13_N2_05","0.5-1","05",2,13,323,0.367001892744479,"C5D1",1000,500,"C5D1","Night","Subantarctic","Non-Salp",-45.6668,179.6033,4.9,4.8,34.25,27.1,0.2,0.04,4.8,0.578639168694489,"Mesopelagic","C5",0.578639168694489,"SA5"
"C5D1_T13_N2_1","1-2","1",2,13,323,0.601614087919695,"C5D1",1000,500,"C5D1","Night","Subantarctic","Non-Salp",-45.6668,179.6033,4.9,4.8,34.25,27.1,0.2,0.04,4.8,0.948544088166646,"Mesopelagic","C5",2.69869424782537,"SA5"
"C5D1_T13_N5_02","0.2-0.5","02",5,13,323,0.083235294117647,"C5D1",200,100,"C5D1","Night","Subantarctic","Non-Salp",-45.6668,179.6033,8.1,8.1,34.38,26.78,0.22,0.04,6.2,0.27201076509035,"Epipelagic","C5",0.27201076509035,"SA5"
"C5D1_T13_N5_05","0.5-1","05",5,13,323,0.28735463800905,"C5D1",200,100,"C5D1","Night","Subantarctic","Non-Salp",-45.6668,179.6033,8.1,8.1,34.38,26.78,0.22,0.04,6.2,0.939067444474019,"Epipelagic","C5",0.939067444474019,"SA5"
"C5D1_T13_N5_1","1-2","1",5,13,323,0.113242975206612,"C5D1",200,100,"C5D1","Night","Subantarctic","Non-Salp",-45.6668,179.6033,8.1,8.1,34.38,26.78,0.22,0.04,6.2,0.370075082374548,"Epipelagic","C5",3.09927934702329,"SA5"
"C5D1_T13_N8_02","0.2-0.5","02",8,13,323,0.0833674267100977,"C5D1",25,0,"C5D1","Night","Subantarctic","Non-Salp",-45.6668,179.6033,10.9,10.9,34.31,26.25,0.29,0.06,6.7,0.287473885207234,"Epipelagic","C5",0.287473885207234,"SA5"
"C5D1_T13_N8_05","0.5-1","05",8,13,323,0.377147002606429,"C5D1",25,0,"C5D1","Night","Subantarctic","Non-Salp",-45.6668,179.6033,10.9,10.9,34.31,26.25,0.29,0.06,6.7,1.30050690553941,"Epipelagic","C5",1.30050690553941,"SA5"
"C5D1_T13_N8_1","1-2","1",8,13,323,0.41262471042471,"C5D1",25,0,"C5D1","Night","Subantarctic","Non-Salp",-45.6668,179.6033,10.9,10.9,34.31,26.25,0.29,0.06,6.7,1.42284382905073,"Epipelagic","C5",4.48830434570881,"SA5"
"C5D1_T13_N4_02","0.2-0.5","02",4,13,323,0.0192382978723404,"C5D1",300,200,"C5D1","Night","Subantarctic","Non-Salp",-45.6668,179.6033,7.7,7.7,34.39,26.84,0.21,0.04,6.1,0.0641276595744681,"Mesopelagic","C5",0.0641276595744681,"SA5"
"C5D1_T13_N4_05","0.5-1","05",4,13,323,0.0378523780413253,"C5D1",300,200,"C5D1","Night","Subantarctic","Non-Salp",-45.6668,179.6033,7.7,7.7,34.39,26.84,0.21,0.04,6.1,0.126174593471084,"Mesopelagic","C5",0.126174593471084,"SA5"
"C5D1_T13_N4_1","1-2","1",4,13,323,0.143445400593472,"C5D1",300,200,"C5D1","Night","Subantarctic","Non-Salp",-45.6668,179.6033,7.7,7.7,34.39,26.84,0.21,0.04,6.1,0.478151335311573,"Mesopelagic","C5",1.6192276478317,"SA5"
"C5D1_T13_N7_02","0.2-0.5","02",7,13,323,0.0582818831942789,"C5D1",50,25,"C5D1","Night","Subantarctic","Non-Salp",-45.6668,179.6033,10.4,10.3,34.31,26.35,0.28,0.06,6.7,0.324238571317268,"Epipelagic","C5",0.324238571317268,"SA5"
"C5D1_T13_N7_05","0.5-1","05",7,13,323,0.523205058280185,"C5D1",50,25,"C5D1","Night","Subantarctic","Non-Salp",-45.6668,179.6033,10.4,10.3,34.31,26.35,0.28,0.06,6.7,2.91073745913872,"Epipelagic","C5",2.91073745913872,"SA5"
"C5D1_T13_N7_1","1-2","1",7,13,323,1.03591355932203,"C5D1",50,25,"C5D1","Night","Subantarctic","Non-Salp",-45.6668,179.6033,10.4,10.3,34.31,26.35,0.28,0.06,6.7,5.76307960679852,"Epipelagic","C5",7.56569101106142,"SA5"
"C5D1_T13_N3_02","0.2-0.5","02",3,13,323,0.0772373702422145,"C5D1",500,300,"C5D1","Night","Subantarctic","Non-Salp",-45.6668,179.6033,6.9,6.9,34.31,26.88,0.21,0.04,5.9,0.130799949605782,"Mesopelagic","C5",0.130799949605782,"SA5"
"C5D1_T13_N3_05","0.5-1","05",3,13,323,0.153235786435786,"C5D1",500,300,"C5D1","Night","Subantarctic","Non-Salp",-45.6668,179.6033,6.9,6.9,34.31,26.88,0.21,0.04,5.9,0.259501755183381,"Mesopelagic","C5",0.259501755183381,"SA5"
"C5D1_T13_N3_1","1-2","1",3,13,323,0.58158,"C5D1",500,300,"C5D1","Night","Subantarctic","Non-Salp",-45.6668,179.6033,6.9,6.9,34.31,26.88,0.21,0.04,5.9,0.98489415749365,"Mesopelagic","C5",1.93568491282201,"SA5"
"C5D2_T15_N6_02","0.2-0.5","02",6,15,345,0.0265158512720157,"C5D2",100,50,"C5D2","Day","Subantarctic","Non-Salp",-45.5123,179.612,9.3,9.3,34.35,26.56,0.27,0.07,6.6,0.064047949932405,"Epipelagic","C5",0.064047949932405,"SA5"
"C5D2_T15_N6_05","0.5-1","05",6,15,345,0.140628767123288,"C5D2",100,50,"C5D2","Day","Subantarctic","Non-Salp",-45.5123,179.612,9.3,9.3,34.35,26.56,0.27,0.07,6.6,0.339683012375091,"Epipelagic","C5",0.339683012375091,"SA5"
"C5D2_T15_N6_1","1-2","1",6,15,345,0.0686319327731093,"C5D2",100,50,"C5D2","Day","Subantarctic","Non-Salp",-45.5123,179.612,9.3,9.3,34.35,26.56,0.27,0.07,6.6,0.165777615393984,"Epipelagic","C5",1.15715592403147,"SA5"
"C5D2_T15_N2_02","0.2-0.5","02",2,15,345,0.128723214285714,"C5D2",1000,500,"C5D2","Day","Subantarctic","Non-Salp",-45.5123,179.612,4.7,4.6,34.25,27.12,0.21,0.04,4.7,0.201839614716918,"Mesopelagic","C5",0.201839614716918,"SA5"
"C5D2_T15_N2_05","0.5-1","05",2,15,345,0.351426436781609,"C5D2",1000,500,"C5D2","Day","Subantarctic","Non-Salp",-45.5123,179.612,4.7,4.6,34.25,27.12,0.21,0.04,4.7,0.551041061202053,"Mesopelagic","C5",0.551041061202053,"SA5"
"C5D2_T15_N5_02","0.2-0.5","02",5,15,345,0.131778217821782,"C5D2",200,100,"C5D2","Day","Subantarctic","Non-Salp",-45.5123,179.612,8.3,8.2,34.36,26.74,0.23,0.05,6.4,0.396922342836693,"Epipelagic","C5",0.396922342836693,"SA5"
"C5D2_T15_N5_05","0.5-1","05",5,15,345,0.167995479345284,"C5D2",200,100,"C5D2","Day","Subantarctic","Non-Salp",-45.5123,179.612,8.3,8.2,34.36,26.74,0.23,0.05,6.4,0.506010479955676,"Epipelagic","C5",0.506010479955676,"SA5"
"C5D2_T15_N5_1","1-2","1",5,15,345,0.0727543624161074,"C5D2",200,100,"C5D2","Day","Subantarctic","Non-Salp",-45.5123,179.612,8.3,8.2,34.36,26.74,0.23,0.05,6.4,0.219139645831649,"Epipelagic","C5",1.11211546281698,"SA5"
"C5D2_T15_N8_05","0.5-1","05",8,15,345,0.123114828897338,"C5D2",25,0,"C5D2","Day","Subantarctic","Non-Salp",-45.5123,179.612,11.2,11.2,34.34,26.23,0.36,0.06,6.7,0.400634002269243,"Epipelagic","C5",0.400634002269243,"SA5"
"C5D2_T15_N8_1","1-2","1",8,15,345,0.200474151150055,"C5D2",25,0,"C5D2","Day","Subantarctic","Non-Salp",-45.5123,179.612,11.2,11.2,34.34,26.23,0.36,0.06,6.7,0.652372766514984,"Epipelagic","C5",1.40547639259733,"SA5"
"C5D2_T15_N4_02","0.2-0.5","02",4,15,345,0.0875161412358134,"C5D2",300,200,"C5D2","Day","Subantarctic","Non-Salp",-45.5123,179.612,7.8,7.8,34.39,26.83,0.21,0.04,6.1,0.223540590640647,"Mesopelagic","C5",0.223540590640647,"SA5"
"C5D2_T15_N4_1","1-2","1",4,15,345,0.119595185694636,"C5D2",300,200,"C5D2","Day","Subantarctic","Non-Salp",-45.5123,179.612,7.8,7.8,34.39,26.83,0.21,0.04,6.1,0.305479401518865,"Mesopelagic","C5",1.40025811284733,"SA5"
"C5D2_T15_N7_02","0.2-0.5","02",7,15,345,0.0580679849340866,"C5D2",50,25,"C5D2","Day","Subantarctic","Non-Salp",-45.5123,179.612,10.5,10.4,34.33,26.35,0.33,0.07,6.8,0.185402250747403,"Epipelagic","C5",0.185402250747403,"SA5"
"C5D2_T15_N7_05","0.5-1","05",7,15,345,0.186388512349225,"C5D2",50,25,"C5D2","Day","Subantarctic","Non-Salp",-45.5123,179.612,10.5,10.4,34.33,26.35,0.33,0.07,6.8,0.595110192685902,"Epipelagic","C5",0.595110192685902,"SA5"
"C5D2_T15_N3_02","0.2-0.5","02",3,15,345,0.080625,"C5D2",500,300,"C5D2","Day","Subantarctic","Non-Salp",-45.5123,179.612,7.1,7.1,34.32,26.88,0.21,0.04,5.9,0.177509907529723,"Mesopelagic","C5",0.177509907529723,"SA5"
"C5D2_T15_N3_05","0.5-1","05",3,15,345,0.135365638148668,"C5D2",500,300,"C5D2","Day","Subantarctic","Non-Salp",-45.5123,179.612,7.1,7.1,34.32,26.88,0.21,0.04,5.9,0.298030907416705,"Mesopelagic","C5",0.298030907416705,"SA5"
